status	sha256	source	copy
read_only_reference	99c0d21e16d3ed900b14ab6f0de26abe13756e9ef6ddbdfb63e13be5b88a0dcb	compiler/parsing/ocaml/caml_lexScript.sml	-
read_only_reference	ed0f93652f34c594954e42f18e62e3b9cd26d6c229223dd0b10abe7674fc5e5a	compiler/parsing/ocaml/camlPEGScript.sml	-
read_only_reference	0c0eb47fc4e88674b8fc91ce544a65c53870e2b06911cf7d367ebd31e917936d	compiler/parsing/ocaml/camlPtreeConversionScript.sml	-
read_only_reference	d84b13494c3cbb96fc5ed2fc67f3a1985cd9b2140db765ee45e55d66ea5f55b6	compiler/parsing/ocaml/caml_parserScript.sml	-
read_only_reference	d1e46c056c7f0368b61c56152cac6c228e8f7a5a641b76ecee0b77cd2c40901d	compiler/parsing/ocaml/camlTestsScript.sml	-
read_only_reference	36df1a89f7c5d65ef424a0a0a5f0129802d4b841c454e8c15a864eaa6103151b	compiler/bootstrap/translation/caml_lexProgScript.sml	-
read_only_reference	454b3afbb7b58beb84850315efaaa7967b07bddc5b7e10aa51996ad80e3b2123	compiler/bootstrap/translation/caml_parserProgScript.sml	-
read_only_reference	0de4d56914c0c910b90edf5550e47db62359dd34832beee5453e04f3baf16304	compiler/bootstrap/translation/lexerProgScript.sml	-
read_only_reference	9c0148256ec47fc93fe67a90599084b000f5ef37c6ed2d8be8568170aca79c7c	compiler/bootstrap/translation/parserProgScript.sml	-
read_only_reference	acb5a7be0b479a13e04f740ea09bbab18c99f3ff880bc7411cd2fd94ffd02953	compiler/parsing/lexer_implScript.sml	-
read_only_reference	504b1a31de3633627af972281ab7fa7f462a34ac9a09a77cbce7959789230864	compiler/parsing/cmlPEGScript.sml	-
read_only_reference	29c4780d7f5ea062ab1e133bd0f027014e744bf18b918257be20f0fc202abd78	compiler/parsing/cmlParseScript.sml	-
read_only_reference	5ab19d0956616a47b183a4221afeb705cbf17d4452695cc4c7e75cdb81a1c9ca	semantics/lexer_funScript.sml	-
read_only_reference	2b6395a05792a48f4dbee73e07011aa87465bba2eb3ec87740d72791346c50ce	semantics/cmlPtreeConversionScript.sml	-
read_only_reference	211c3ac993e1e79ab35ffbeb95d813d9cb5cb67ae24bdc8ec4c08f17169965e1	semantics/tokensScript.sml	-
read_only_reference	b9a9a14a58e4e9cdacb40c85ddc780b7796b2052d56919e3c6fa551842a0ee9a	semantics/tokenUtilsScript.sml	-
read_only_reference	e5f57fec083cd28ebd2a053020d6f3a1d08fe955203d5a0fc081b7edc24fe51d	semantics/gramScript.sml	-
read_only_reference	acd293ff0dd08458103380b1ae24c555ea2e0668a9143ee90b0c6f9e3becf6cf	semantics/astScript.sml	-
read_only_reference	5d1ffecd0fafc6bd236a6b3ca9cdc5b672d77ff0b0cc23b20aa0a4662ca6bfb1	compiler/repl/astProgScript.sml	-
copied	5ffac536c386b28fa69093b43e0a58b5566a9c70515722e3d85d49e8fa8b3233	compiler/bootstrap/compilation/x64/64/repl_ast.cml	reference/cakeml/compiler/bootstrap/compilation/x64/64/repl_ast.cml
copied	7740089bc589d382301ea3024dd2b6b6725ecd6aeb039bd26ab5d61f38a603ee	compiler/repl/repl_boot.cml	reference/cakeml/compiler/repl/repl_boot.cml
copied	86d5295efa4f307f457b4a78ab6319e7008d60d8e55e3082f8a23dc554a04204	candle/prover/candle_boot.ml	reference/cakeml/candle/prover/candle_boot.ml
copied	dfeab59c2d3d5286b1cf705c4001ea57d68d4fcf5224f32355687cc11720c1f3	candle/prover/candle_records.ml	reference/cakeml/candle/prover/candle_records.ml
read_only_reference	799fba3cdd61f87aff665ed53eab735007cc896778137b889cd7dde33ace82e8	/home/yongkiam/research/HOL/examples/formal-languages/context-free/locationScript.sml	-
read_only_reference	c70c428c8ccaa5db0a9693bf6da6ca08ed8a21c9c9c00faa7ef65d1f5a75a58b	/home/yongkiam/research/HOL/examples/formal-languages/context-free/grammarScript.sml	-
read_only_reference	89fdc52fd9c61da8f2a4ef14bc7127c13ca843c9f5bd8d931eaeedaf64e70d19	/home/yongkiam/research/HOL/examples/formal-languages/context-free/pegScript.sml	-
read_only_reference	e57527c488fdaa2afa772615a50ef7132f50d1983651285550ec5ef4cf62f248	/home/yongkiam/research/HOL/examples/formal-languages/context-free/pegexecScript.sml	-
read_only_reference	70873e8cd349d8a392d860b19ffc3209c577f8af5b6abda13a6ee83a6b5fe604	/home/yongkiam/research/HOL/examples/formal-languages/context-free/precparserScript.sml	-
historical_executable	5fb7281af35ff7d3719965dcacb4e69564e4904454befa8fcdc68dac555433fb	cake-ast-parse	-
copied	3f29f536ae734b28c15d0adac8be9397b5c7f020fa3f5529a18a9daf6e4caa70	compiler/bootstrap/compilation/x64/64/config_enc_str.txt	config_enc_str.txt
copied	a2caba62066d19ac11fe54cdf4bf24701e1e953e0ac404b8fdc567955bff8554	compiler/repl/repl_boot.cml	repl_boot.cml
copied	a70784a8def58d511a9ddde408ec9f3aee67fad4817f8d9d25e5cd5beb8615ef	candle/prover/candle_boot.ml	candle_boot.ml
adjusted_copy	2fdd9a64ca6586db07adb32c99a56f956e425b56865839c22002f423a308049d	compiler/bootstrap/compilation/x64/64/cake.S	runtime/cake-ident.S
copied	ca80a94c7269208bd169b8cf54c60c498f6194b0669b590be565ca929bef301c	basis/basis_ffi.c	runtime/basis_ffi.c
